{"mtx": [[1314.9985983616184, 0.0, 600.4082874120393], [0.0, 1316.0878767933984, 465.604604441226], [0.0, 0.0, 1.0]], "dist": [[-0.014095776546229089, 1.4314343406642562, -0.005334113484040539, 0.0008888533356288578, -5.716712914543142]]}